date,month_name,calendar_week,customer_code,trans_category,country,order_no,sales_value
1-08-24,January,2,A141705,Machine,Thailand,AA41305050,998000
1-11-24,January,2,A149276,Machine,Singapore,AA41305027,250528.12
1-11-24,January,2,A111783,Machine,Malaysia,AA41305028,1446604.07
1-11-24,January,2,A145273,Spare part,Nigeria,AA41406867,1359395.4
1-12-24,January,2,A110168,Aftersales,Malaysia,AA41305034,2995.28
1-22-24,January,4,A148576,Machine,Thailand,AA41305051,376303
1-23-24,January,4,A141795,Machine,Indonesia,AA41305035,46964.42
1-23-24,January,4,A147452,Machine,Thailand,AA41305047,1750000
1-23-24,January,4,A149277,Aftersales,Philippines,AA41305053,155677.65
1-23-24,January,4,A144161,Aftersales,Philippines,AA41305054,583848.8
1-23-24,January,4,A144841,Spare part,Thailand,AA41406853,52130
1-23-24,January,4,A132013,Spare part,Thailand,AA41406855,35688
1-23-24,January,4,A128083,Spare part,Thailand,AA41406856,298490
1-23-24,January,4,A128083,Spare part,Thailand,AA41406857,88000
1-23-24,January,4,A142581,Spare part,Thailand,AA41406858,14927
1-23-24,January,4,A111356,Spare part,Thailand,AA41406859,37710
1-23-24,January,4,A109374,Spare part,Indonesia,AA41406863,46110
1-23-24,January,4,A132739,Spare part,Indonesia,AA41406864,1180.83
1-23-24,January,4,A109374,Spare part,Indonesia,AA41406866,16531.63
1-23-24,January,4,A147859,Spare part,Indonesia,AA41406869,138627.61
1-23-24,January,4,A109374,Spare part,Indonesia,AA41406871,9792.26
1-23-24,January,4,A140414,Spare part,Indonesia,AA41406872,9984.26
1-23-24,January,4,A138394,Spare part,Myanmar,AA41406873,345609
1-23-24,January,4,A116260,Spare part,Australia,AA41406890,9193.2
1-23-24,January,4,A116260,Spare part,Australia,AA41406891,34461.06
1-23-24,January,4,A110039,Spare part,Philippines,AA41406892,2227.26
1-23-24,January,4,A149278,Spare part,New Zealand,AA41406894,22118.98
1-24-24,January,4,A116260,Machine,Australia,AA41305003,14649.21
1-24-24,January,4,A136773,Machine,Thailand,AA41305032,430000
1-24-24,January,4,A128083,Machine,Thailand,AA41305044,1301000
1-24-24,January,4,A145231,Machine,Indonesia,AA41305061,1920050
1-24-24,January,4,A141705,Machine,Thailand,AA41305067,290000
1-24-24,January,4,A142569,Spare part,Indonesia,AA41406783,2035.25
1-24-24,January,4,A146375,Spare part,Thailand,AA41406826,20551
1-24-24,January,4,A141795,Spare part,Indonesia,AA41406854,9600.25
1-24-24,January,4,A140332,Spare part,Thailand,AA41406860,165942
1-24-24,January,4,A134287,Spare part,Thailand,AA41406861,26065
1-24-24,January,4,A140595,Spare part,Thailand,AA41406862,4820
1-24-24,January,4,A128083,Spare part,Thailand,AA41406874,490000
1-24-24,January,4,A136773,Service,Thailand,AA41406877,3000
1-24-24,January,4,A142221,Spare part,Thailand,AA41406879,237168
1-24-24,January,4,A139988,Service,Malaysia,AA41406880,20736.54
1-24-24,January,4,A116165,Spare part,Thailand,AA41406881,139454.1
1-24-24,January,4,A134579,Service,Malaysia,AA41406882,62209.62
1-24-24,January,4,A145444,Spare part,Thailand,AA41406884,14830.3
1-24-24,January,4,A113144,Spare part,Thailand,AA41406885,6313.48
1-24-24,January,4,A143852,Service,Philippines,AA41406886,19200.5
1-24-24,January,4,A117187,Spare part,Thailand,AA41406887,411404.25
1-24-24,January,4,A117187,Spare part,Thailand,AA41406888,19744.14
1-24-24,January,4,A128083,Spare part,Thailand,AA41406893,14997.04
1-24-24,January,4,A147466,Spare part,Indonesia,AA41406895,44775.57
1-24-24,January,4,A138394,Spare part,Myanmar,AA41406896,38746.61
1-24-24,January,4,A146271,Spare part,Thailand,AA41406897,286228.12
1-24-24,January,4,A117187,Service,Thailand,AA41406898,12600
1-24-24,January,4,A144005,Spare part,New Zealand,AA41406899,88222.46
1-24-24,January,4,A144005,Spare part,New Zealand,AA41406900,3763.3
1-24-24,January,4,A144005,Spare part,New Zealand,AA41406901,66771.66
1-24-24,January,4,A116260,Spare part,Australia,AA41406902,3790.18
1-24-24,January,4,A136124,Machine,Thailand,AA41406903,21000
1-24-24,January,4,A140332,Spare part,Thailand,AA41406904,64517.72
1-24-24,January,4,A144908,Service,Malaysia,AA41406905,20736.54
1-24-24,January,4,A113414,Spare part,Thailand,AA41406906,11157.16
1-24-24,January,4,A113414,Spare part,Thailand,AA41406907,11157.16
1-25-24,January,4,A145787,Machine,Thailand,AA41305066,480000
1-25-24,January,4,A140332,Spare part,Thailand,AA41406909,129349.2
1-26-24,January,4,A136773,Machine,Thailand,AA41305070,1239200
1-26-24,January,4,A137333,Aftersales,Philippines,AA41305071,125724.87
1-26-24,January,4,A138249,Aftersales,Philippines,AA41305072,82754.16
1-26-24,January,4,A138249,Aftersales,Philippines,AA41305074,4070.51
1-26-24,January,4,A116260,Spare part,Australia,AA41406910,13305.95
1-26-24,January,4,A145588,Spare part,Indonesia,AA41406911,114895.79
1-29-24,January,5,A136773,Machine,Thailand,AA41406912,20800
1-30-24,January,5,A137820,Aftersales,Indonesia,AA41305029,277716.03
1-30-24,January,5,A137820,Aftersales,Indonesia,AA41305033,144944.57
1-30-24,January,5,A137820,Aftersales,Indonesia,AA41305075,6566.57
1-30-24,January,5,A143014,Machine,Thailand,AA41305076,45000
1-30-24,January,5,A116260,Machine,Australia,AA41305077,12664.65
1-30-24,January,5,A136773,Spare part,Thailand,AA41406913,25341.72
1-30-24,January,5,A136354,Spare part,Thailand,AA41406914,93289.45
1-30-24,January,5,A117187,Spare part,Thailand,AA41406915,44907.56
1-30-24,January,5,A113414,Spare part,Thailand,AA41406916,62915.84
1-31-24,January,5,A136784,Service,Indonesia,AA41111662,13779.42
1-31-24,January,5,A121286,Spare part,Indonesia,AA41406865,57877.99
1-31-24,January,5,A121286,Service,Indonesia,AA41406870,488460.72
1-31-24,January,5,A128083,Service,Thailand,AA41406883,45000
1-31-24,January,5,A121286,Spare part,Indonesia,AA41406917,32994.14
1-31-24,January,5,A136318,Service,Thailand,AA41406918,21000
1-31-24,January,5,A128083,Spare part,Thailand,AA41406919,9149.36
1-31-24,January,5,A130961,Service,Thailand,AA41406920,12600
1-31-24,January,5,A121286,Service,Indonesia,AA41407056,14592.38
1-31-24,January,5,A113414,Service,Thailand,AA41407138,36000
2-01-24,February,5,A132193,Spare part,Indonesia,AA41406875,62476.33
2-01-24,February,5,A141795,Spare part,Indonesia,AA41406921,24928.6
2-01-24,February,5,A143183,Spare part,Thailand,AA41406922,66420.49
2-02-24,February,5,A138266,Service,Indonesia,AA41111757,20821.48
2-02-24,February,5,A116260,Machine,Australia,AA41305082,1587378.67
2-02-24,February,5,A134814,Aftersales,Indonesia,AA41305083,60579.59
2-02-24,February,5,A113136,Aftersales,Indonesia,AA41305084,1354.82
2-02-24,February,5,A116260,Spare part,Australia,AA41406923,8833.39
2-02-24,February,5,A146573,Spare part,Thailand,AA41406924,77915.67
2-02-24,February,5,A143183,Service,Thailand,AA41406953,21000
2-05-24,February,6,A141705,Aftersales,Indonesia,AA41305087,1741.91
2-05-24,February,6,A128083,Spare part,Thailand,AA41406925,88000
2-06-24,February,6,A128083,Spare part,Thailand,AA41406889,45186
2-06-24,February,6,A120010,Service,Thailand,AA41406926,21000
2-06-24,February,6,A145019,Spare part,Malaysia,AA41406927,43818.59
2-06-24,February,6,A136354,Spare part,Thailand,AA41406930,28265.97
2-07-24,February,6,A116260,Spare part,Australia,AA41406928,200353.91
2-07-24,February,6,A116260,Spare part,Australia,AA41406929,19807.4
2-08-24,February,6,A133464,Aftersales,Philippines,AA41305089,158776.58
2-08-24,February,6,A148576,Machine,Thailand,AA41305095,48000
2-08-24,February,6,A116260,Spare part,Australia,AA41406931,27665.32
2-08-24,February,6,A133312,Spare part,Philippines,AA41406932,781418.58
2-12-24,February,7,A138463,Machine,Thailand,AA41305097,371283
2-12-24,February,7,A146573,Spare part,Thailand,AA41406933,12466.41
2-12-24,February,7,A143014,Spare part,Thailand,AA41406934,10802.95
2-12-24,February,7,A143654,Spare part,Singapore,AA41406935,8423.08
2-12-24,February,7,A143014,Spare part,Thailand,AA41406936,16781.16
2-12-24,February,7,A117187,Spare part,Thailand,AA41406937,30513.46
2-12-24,February,7,A141949,Spare part,Thailand,AA41406938,13894.67
2-12-24,February,7,A144246,Service,Thailand,AA41406939,37728
2-12-24,February,7,A141454,Service,Thailand,AA41407408,190800
2-13-24,February,7,A141194,Machine,Indonesia,AA41305008,1788355.8
2-13-24,February,7,A143014,Spare part,Thailand,AA41406942,9610.5
2-13-24,February,7,A128083,Spare part,Thailand,AA41406943,75720.24
2-14-24,February,7,A136773,Machine,Thailand,AA41305105,520000
2-14-24,February,7,A143014,Spare part,Thailand,AA41406944,54398.18
2-14-24,February,7,A143014,Service,Thailand,AA41407006,22250
2-15-24,February,7,A116260,Spare part,Australia,AA41406945,52621.01
2-16-24,February,7,A146965,Service,Thailand,AA41406955,12600
2-19-24,February,8,A141705,Service,Indonesia,AA41111732,20821.48
2-19-24,February,8,A128827,Machine,Thailand,AA41305113,44675
2-19-24,February,8,A111044,Spare part,Thailand,AA41406946,15780.52
2-19-24,February,8,A138370,Spare part,Thailand,AA41406947,34000
2-19-24,February,8,A138463,Spare part,Thailand,AA41406948,16131.51
2-19-24,February,8,A141089,Spare part,Thailand,AA41406949,44365.2
2-20-24,February,8,A109374,Spare part,Indonesia,AA41406851,25025.37
2-20-24,February,8,A127451,Spare part,Thailand,AA41406950,2000.66
2-20-24,February,8,A133042,Spare part,Indonesia,AA41406952,58063.5
2-21-24,February,8,A141705,Service,Indonesia,AA41111606,215479
2-21-24,February,8,A116260,Spare part,Australia,AA41406954,11001.1
2-21-24,February,8,A110168,Spare part,Malaysia,AA41406956,10374.01
2-21-24,February,8,A132739,Spare part,Indonesia,AA41406957,12454.62
2-22-24,February,8,A139988,Service,Malaysia,AA41111570,20902.86
2-22-24,February,8,A143655,Service,Indonesia,AA41111851,32602.89
2-22-24,February,8,A144481,Spare part,Thailand,AA41406958,29376
2-22-24,February,8,A115097,Spare part,Thailand,AA41406959,80732.85
2-22-24,February,8,A119895,Spare part,Indonesia,AA41406960,161339.11
2-23-24,February,8,A142594,Aftersales,Indonesia,AA41305116,23631.84
2-23-24,February,8,A116260,Machine,Australia,AA41305117,8085254.12
2-23-24,February,8,A109374,Machine,Indonesia,AA41305119,230860.48
2-23-24,February,8,A146573,Spare part,Thailand,AA41406962,12593.21
2-23-24,February,8,A145231,Spare part,Indonesia,AA41406963,28799.5
2-23-24,February,8,A116260,Spare part,Australia,AA41406964,8833.39
2-27-24,February,9,A117187,Spare part,Thailand,AA41406965,25335.54
2-27-24,February,9,A138463,Spare part,Thailand,AA41406966,14171.5
2-27-24,February,9,A134212,Spare part,Thailand,AA41406967,10393.98
2-27-24,February,9,A116260,Spare part,Australia,AA41406968,4335.41
2-27-24,February,9,A116260,Spare part,Australia,AA41406969,35550.35
2-28-24,February,9,A143928,Service,Indonesia,AA41111620,20629.88
2-28-24,February,9,A145786,Machine,Thailand,AA41305122,198000
2-28-24,February,9,A132739,Spare part,Indonesia,AA41406970,15096.51
2-29-24,February,9,A113527,Machine,Indonesia,AA41305126,2128995
2-29-24,February,9,A143295,Machine,Malaysia,AA41305132,1972204.72
2-29-24,February,9,A116260,Spare part,Australia,AA41406971,90664.22
2-29-24,February,9,A116260,Spare part,Australia,AA41406972,31377.52
3-01-24,March,9,A132459,Spare part,Thailand,AA41406973,171100.51
3-01-24,March,9,A134169,Spare part,Ghana,AA41406974,303870.49
3-01-24,March,9,A138395,Foc,Indonesia,FF42000006,0
3-04-24,March,10,A101708,Service,Italy,AA41407153,721007.55
3-05-24,March,10,A116260,Machine,Australia,AA41305133,8206590
3-05-24,March,10,A134212,Spare part,Thailand,AA41406976,29200.12
3-05-24,March,10,A136354,Spare part,Thailand,AA41406977,5881
3-05-24,March,10,A109374,Spare part,Indonesia,AA41406978,75705.79
3-05-24,March,10,A132459,Spare part,Thailand,AA41406979,6393.22
3-05-24,March,10,A140595,Spare part,Thailand,AA41406980,26748
3-06-24,March,10,A136773,Spare part,Thailand,AA41406981,190078.09
3-07-24,March,10,A116583,Machine,Thailand,AA41305137,2700855
3-07-24,March,10,A113527,Spare part,Indonesia,AA41406982,33764.26
3-07-24,March,10,A113527,Spare part,Indonesia,AA41406983,1295547.01
3-07-24,March,10,A145643,Service,Thailand,AA41406984,9000
3-07-24,March,10,A132585,Service,Malaysia,AA41406985,21102.66
3-07-24,March,10,A114122,Spare part,Thailand,AA41406986,14320.06
3-07-24,March,10,A143076,Spare part,Malaysia,AA41406987,69013.51
3-07-24,March,10,A109374,Spare part,Indonesia,AA41406988,36402.09
3-07-24,March,10,A144814,Spare part,Indonesia,AA41406989,194222.63
3-07-24,March,10,A141113,Service,Malaysia,AA41407042,21102.66
3-08-24,March,10,A116583,Machine,Thailand,AA41406990,438062
3-11-24,March,11,A141089,Service,Thailand,AA41406991,12600
3-11-24,March,11,A146325,Spare part,Thailand,AA41406992,65272.5
3-11-24,March,11,A141600,Spare part,Malaysia,AA41406993,16139.63
3-11-24,March,11,A136773,Spare part,Thailand,AA41406994,34724.92
3-11-24,March,11,A141927,Spare part,Thailand,AA41406995,16317
3-11-24,March,11,A136318,Spare part,Thailand,AA41406996,82029.6
3-12-24,March,11,A133464,Spare part,Philippines,AA41406998,232692
3-12-24,March,11,A133464,Spare part,Philippines,AA41406999,232199.6
3-13-24,March,11,A119895,Spare part,Indonesia,AA41407001,555625.22
3-13-24,March,11,A136784,Spare part,Indonesia,AA41407002,248412.7
3-13-24,March,11,A116260,Spare part,Australia,AA41407003,12778.83
3-13-24,March,11,A130926,Spare part,Malaysia,AA41407004,87224.33
3-14-24,March,11,A141949,Machine,Thailand,AA41305153,400000
3-14-24,March,11,A150835,Spare part,Thailand,AA41407005,78415
3-14-24,March,11,A113527,Spare part,Indonesia,AA41407007,236115.32
3-14-24,March,11,A116260,Foc,Australia,FF42000007,0
3-15-24,March,11,A137320,Service,Indonesia,AA41111759,17347.63
3-15-24,March,11,A146375,Machine,Thailand,AA41305157,4079153
3-15-24,March,11,A144005,Machine,New Zealand,AA41305165,104802.06
3-15-24,March,11,A121286,Spare part,Indonesia,AA41407008,32044.78
3-15-24,March,11,A136187,Spare part,Myanmar,AA41407009,12505.28
3-18-24,March,12,A144246,Spare part,Thailand,AA41407010,57275.49
3-18-24,March,12,A128083,Spare part,Thailand,AA41407011,83368
3-19-24,March,12,A138266,Spare part,Indonesia,AA41107013,206337.12
3-19-24,March,12,A145588,Spare part,Indonesia,AA41407014,162568.64
3-19-24,March,12,A147353,Spare part,Thailand,AA41407015,10326
3-19-24,March,12,A117187,Service,Thailand,AA41407017,48800
3-20-24,March,12,A136354,Spare part,Thailand,AA41407018,45937.67
3-20-24,March,12,A116260,Spare part,Australia,AA41407019,81737.64
3-20-24,March,12,A138266,Spare part,Indonesia,AA41407025,152095.47
3-21-24,March,12,A116260,Machine,Australia,AA41305163,66567.17
3-21-24,March,12,A141949,Machine,Thailand,AA41305169,55000
3-21-24,March,12,A148862,Machine,Thailand,AA41305175,140000
3-21-24,March,12,A116260,Spare part,Australia,AA41407016,34276.19
3-21-24,March,12,A128083,Spare part,Thailand,AA41407020,43234
3-21-24,March,12,A144841,Spare part,Thailand,AA41407021,17731
3-21-24,March,12,A130926,Spare part,Malaysia,AA41407022,54319.81
3-21-24,March,12,A120010,Spare part,Thailand,AA41407023,79999
3-21-24,March,12,A133464,Spare part,Philippines,AA41407024,170509.49
3-21-24,March,12,A147006,Service,Thailand,AA41407034,43500
3-21-24,March,12,A101708,Service,Italy,AA41407092,117237
3-21-24,March,12,A141454,Service,Thailand,AA41407140,21000
3-25-24,March,13,A117187,Spare part,Thailand,AA41407026,5253.47
3-25-24,March,13,A139867,Spare part,Thailand,AA41407027,223845
3-26-24,March,13,A119126,Machine,Thailand,AA41305176,4442605
3-26-24,March,13,A136318,Spare part,Thailand,AA41407028,18705.6
3-26-24,March,13,A136318,Spare part,Thailand,AA41407029,33035.4
3-26-24,March,13,A138120,Spare part,Indonesia,AA41407032,110546.68
3-26-24,March,13,A137747,Spare part,Thailand,AA41407033,5976
3-26-24,March,13,A120010,Spare part,Thailand,AA41407035,35351.4
3-26-24,March,13,A110922,Spare part,Indonesia,AA41407036,78490.17
3-26-24,March,13,A121286,Spare part,Indonesia,AA41407037,12755.39
3-26-24,March,13,A121286,Spare part,Indonesia,AA41407038,2125.9
3-26-24,March,13,A119126,Machine,Thailand,AA41407043,540000
3-26-24,March,13,A109374,Spare part,Indonesia,AA41407869,12309.89
3-27-24,March,13,A110922,Spare part,Indonesia,AA41407031,12309.89
3-27-24,March,13,A132806,Machine,Indonesia,AA41407039,176324.45
3-27-24,March,13,A141462,Spare part,Indonesia,AA41407040,189963.02
3-27-24,March,13,A113414,Spare part,Thailand,AA41407041,39483
3-27-24,March,13,A143014,Service,Thailand,AA41407054,30930
3-28-24,March,13,A137883,Service,Thailand,AA41112020,18000
3-28-24,March,13,A150835,Spare part,Thailand,AA41407030,692400
3-28-24,March,13,A119895,Spare part,Indonesia,AA41407044,11098.44
3-28-24,March,13,A147353,Spare part,Thailand,AA41407045,10400
3-28-24,March,13,A141089,Service,Thailand,AA41407057,21000
3-29-24,March,13,A148077,Machine,Thailand,AA41305178,6483825.2
3-29-24,March,13,A144161,Machine,Philippines,AA41305179,1064969.18
3-29-24,March,13,A148077,Machine,Thailand,AA41407046,112837
4-01-24,April,14,A141927,Spare part,Thailand,AA41407047,26300
4-03-24,April,14,A147651,Service,Indonesia,AA41111934,11106.23
4-03-24,April,14,A126893,Service,Indonesia,AA41112032,11872.18
4-03-24,April,14,A146573,Spare part,Thailand,AA41407048,16298
4-04-24,April,14,A143833,Spare part,Indonesia,AA41112048,6768.33
4-04-24,April,14,A116260,Spare part,Australia,AA41407049,16322.12
4-04-24,April,14,A110168,Spare part,Malaysia,AA41407051,58234.1
4-04-24,April,14,A110168,Spare part,Malaysia,AA41407053,21265.71
4-04-24,April,14,A136354,Spare part,Thailand,AA41407059,48968
4-04-24,April,14,A109374,Spare part,Indonesia,AA414074052,37313.62
4-04-24,April,14,A132806,Spare part,Indonesia,AA41408139,12309.65
4-05-24,April,14,A128083,Machine,Thailand,AA41305188,273000
4-05-24,April,14,A137333,Spare part,Philippines,AA41407058,208497.03
4-05-24,April,14,A136773,Spare part,Thailand,AA41407060,118134
4-09-24,April,15,A116260,Spare part,Australia,AA41407062,24856.02
4-09-24,April,15,A144814,Spare part,Indonesia,AA41407063,61508.79
4-09-24,April,15,A147353,Spare part,Thailand,AA41407064,71081
4-09-24,April,15,A115500,Service,Thailand,AA41407084,21000
4-09-24,April,15,A119895,Service,Indonesia,AA41407088,51290.2
4-10-24,April,15,A113585,Machine,Indonesia,AA41305193,3432498
4-11-24,April,15,A143052,Spare part,Thailand,AA41407065,313373
4-11-24,April,15,A143052,Spare part,Thailand,AA41407066,31261
4-11-24,April,15,A143052,Spare part,Thailand,AA41407067,7880
4-11-24,April,15,A128083,Spare part,Thailand,AA41407068,45721.6
4-11-24,April,15,A121025,Spare part,Thailand,AA41407069,66564
4-12-24,April,15,A116260,Machine,Australia,AA41305196,129368.09
4-12-24,April,15,A145273,Spare part,Nigeria,AA41407070,178450.44
4-12-24,April,15,A110039,Spare part,Philippines,AA41407071,13966.72
4-17-24,April,16,A121286,Spare part,Indonesia,AA41407072,35540.16
4-17-24,April,16,A128083,Spare part,Thailand,AA41407073,210801
4-17-24,April,16,A136773,Service,Thailand,AA41407074,42000
4-17-24,April,16,A117710,Spare part,Thailand,AA41407075,6942
4-17-24,April,16,A133464,Spare part,Philippines,AA41408111,78651.55
4-18-24,April,16,A116260,Machine,Australia,AA41305197,166678.95
4-18-24,April,16,A143014,Spare part,Thailand,AA41407078,16298
4-19-24,April,16,A116260,Spare part,Australia,AA41407079,20555.53
4-22-24,April,17,A146271,Spare part,Thailand,AA41407080,101058
4-22-24,April,17,A143148,Spare part,Thailand,AA41407081,90986
4-22-24,April,17,A108766,Spare part,Thailand,AA41407082,38864.47
4-22-24,April,17,A115500,Spare part,Thailand,AA41407083,55896
4-23-24,April,17,A109374,Spare part,Indonesia,AA41407085,41604.24
4-23-24,April,17,A120010,Spare part,Thailand,AA41407086,17350
4-23-24,April,17,A144814,Spare part,Indonesia,AA41407087,43557.22
4-23-24,April,17,A144814,Spare part,Indonesia,AA41407089,40361.44
4-23-24,April,17,A133042,Spare part,Indonesia,AA41407090,44227.93
4-23-24,April,17,A132585,Spare part,Malaysia,AA41407091,23988.03
4-24-24,April,17,A148512,Machine,Indonesia,AA41305198,439754.28
4-24-24,April,17,A116260,Machine,Australia,AA41305213,413780.14
4-25-24,April,17,A121218,Foc,Indonesia,FF42000003,0
4-26-24,April,17,A115097,Machine,Thailand,AA41305219,500000
4-26-24,April,17,A137820,Machine,Indonesia,AA41305222,41032.16
4-26-24,April,17,A121286,Spare part,Indonesia,AA41407093,36266.12
4-26-24,April,17,A109374,Spare part,Indonesia,AA41407094,38645.19
4-29-24,April,18,A109374,Service,Indonesia,AA41112120,16002.18
4-29-24,April,18,A146271,Spare part,Thailand,AA41407095,101058
4-29-24,April,18,A136318,Service,Thailand,AA41407096,129240
4-30-24,April,18,A121286,Spare part,Indonesia,AA41111886,8679.88
4-30-24,April,18,A116260,Machine,Australia,AA41305229,2984963.39
4-30-24,April,18,A136187,Machine,Myanmar,AA41305230,920745.89
4-30-24,April,18,A145841,Machine,Thailand,AA41305231,1252180
4-30-24,April,18,A136318,Spare part,Thailand,AA41407097,63834.01
4-30-24,April,18,A121286,Spare part,Indonesia,AA41407099,34561.7
4-30-24,April,18,A145841,Machine,Thailand,AA41407100,739820
4-30-24,April,18,A147353,Service,Thailand,AA41407331,18000
5-02-24,May,18,A116260,Machine,Australia,AA41305233,279625.42
5-02-24,May,18,A203143,Spare part,Malaysia,AA41407101,18219.22
5-02-24,May,18,A116260,Spare part,Australia,AA41407103,40866.5
5-02-24,May,18,A145841,Service,Thailand,AA41407303,180000
5-03-24,May,18,A136773,Spare part,Thailand,AA41407104,23646.4
5-03-24,May,18,A113414,Spare part,Thailand,AA41407105,95363
5-07-24,May,19,A109374,Service,Indonesia,AA41111528,180076.68
5-07-24,May,19,A142263,Spare part,Thailand,AA41407106,29705.25
5-07-24,May,19,A110039,Spare part,Thailand,AA41407107,49667.18
5-07-24,May,19,A142475,Spare part,Thailand,AA41407108,9490
5-07-24,May,19,A150835,Spare part,Thailand,AA41407109,280375
5-07-24,May,19,A143052,Spare part,Thailand,AA41407111,309540
5-07-24,May,19,A143052,Service,Thailand,AA41407131,86380
5-08-24,May,19,A109374,Spare part,Indonesia,AA41407110,360829.67
5-08-24,May,19,A151633,Spare part,Indonesia,AA41407112,10258.21
5-08-24,May,19,A111836,Spare part,Thailand,AA41407113,67222
5-08-24,May,19,A136608,Spare part,Indonesia,AA41407114,81622.11
5-08-24,May,19,A113136,Spare part,Indonesia,AA41407115,25031.62
5-08-24,May,19,A109374,Spare part,Indonesia,AA41407116,18892.54
5-08-24,May,19,A128083,Spare part,Thailand,AA41407117,85510.4
5-09-24,May,19,A145273,Spare part,Nigeria,AA41407119,240335.28
5-09-24,May,19,A111356,Spare part,Thailand,AA41407120,36256
5-09-24,May,19,A115116,Spare part,Indonesia,AA41407121,752651.82
5-10-24,May,19,A134212,Spare part,Thailand,AA41407122,26660
5-13-24,May,20,A113414,Spare part,Thailand,AA41407123,492704
5-13-24,May,20,A146271,Spare part,Thailand,AA41407124,94190
5-13-24,May,20,A136773,Spare part,Thailand,AA41407126,26540.8
5-14-24,May,20,A109374,Spare part,Indonesia,AA41407125,22813.63
5-14-24,May,20,A132013,Spare part,Thailand,AA41407127,10410
5-14-24,May,20,A111317,Spare part,Vietnam,AA41407128,17427.08
5-14-24,May,20,A116260,Spare part,Australia,AA41407129,9648.27
5-14-24,May,20,A143183,Service,Thailand,AA41407130,197000
5-14-24,May,20,A128083,Spare part,Thailand,AA41407132,7568
5-14-24,May,20,A119895,Spare part,Indonesia,AA41407133,60519.5
5-14-24,May,20,A132739,Spare part,Indonesia,AA41407134,17763.74
5-14-24,May,20,A143052,Service,Thailand,AA41407195,21000
5-14-24,May,20,A146271,Service,Thailand,AA41407197,21000
5-15-24,May,20,A150800,Spare part,Singapore,AA41407135,101869.2
5-15-24,May,20,A136608,Spare part,Indonesia,AA41407137,71292.6
5-15-24,May,20,A138394,Spare part,Myanmar,AA41407139,119613.14
5-15-24,May,20,A143148,Spare part,Thailand,AA41407145,66412
5-16-24,May,20,A144098,Spare part,Indonesia,AA41407146,67292.29
5-16-24,May,20,A120010,Spare part,Thailand,AA41407147,12628
5-17-24,May,20,A144161,Machine,Philippines,AA41305249,572293.43
5-17-24,May,20,A144246,Spare part,Thailand,AA41407118,750000
5-17-24,May,20,A146271,Spare part,Thailand,AA41407149,394700.8
5-17-24,May,20,A144246,Service,Thailand,AA41407194,18000
5-20-24,May,21,A109374,Service,Indonesia,AA41112179,383435.11
5-20-24,May,21,A116260,Machine,Australia,AA41305251,294428.93
5-20-24,May,21,A116260,Machine,Australia,AA41305252,64638.62
5-20-24,May,21,A140429,Spare part,Indonesia,AA41407143,15209.09
5-20-24,May,21,A142289,Spare part,Indonesia,AA41407144,13086.15
5-20-24,May,21,A136318,Spare part,Thailand,AA41407150,21215.7
5-20-24,May,21,A116022,Spare part,Philippines,AA41407151,20833.28
5-20-24,May,21,A136318,Service,Thailand,AA41407152,21000
5-20-24,May,21,A141911,Spare part,Indonesia,AA41407155,15129.87
5-20-24,May,21,A141795,Spare part,Indonesia,AA41407157,11121.65
5-23-24,May,21,A133996,Spare part,Thailand,AA41407158,2121
5-23-24,May,21,A143014,Spare part,Thailand,AA41407159,14640
5-23-24,May,21,A144481,Spare part,Thailand,AA41407160,91486
5-24-24,May,21,A138266,Machine,Indonesia,AA41305260,132485.42
5-24-24,May,21,A137597,Machine,Singapore,AA41305261,11222643.45
5-24-24,May,21,A146573,Spare part,Thailand,AA41407161,14926
5-24-24,May,21,A141462,Spare part,Indonesia,AA41407162,17110.22
5-24-24,May,21,A138394,Spare part,Indonesia,AA41407163,201163.95
5-27-24,May,22,A151207,Machine,New Zealand,AA41305263,174270.8
5-27-24,May,22,A119895,Spare part,Indonesia,AA41407156,142585.2
5-27-24,May,22,A113414,Spare part,Thailand,AA41407164,2306
5-27-24,May,22,A114283,Service,Malaysia,AA41407165,17466.69
5-28-24,May,22,A136124,Spare part,Thailand,AA41407166,36933
5-28-24,May,22,A147648,Spare part,Indonesia,AA41407167,303627.26
5-28-24,May,22,A126893,Spare part,Indonesia,AA41407168,79451.64
5-29-24,May,22,A132739,Spare part,Indonesia,AA41407169,37666.26
5-29-24,May,22,A137820,Spare part,Indonesia,AA41407170,66817.01
5-31-24,May,22,A136773,Machine,Thailand,AA41305269,790000
5-31-24,May,22,A116260,Machine,Australia,AA41305271,86885.08
5-31-24,May,22,A136773,Spare part,Thailand,AA41407172,6464
5-31-24,May,22,A147686,Spare part,Thailand,AA41407173,28885.72
5-31-24,May,22,A113414,Spare part,Thailand,AA41407174,39657
5-31-24,May,22,A138249,Spare part,Philippines,AA41407175,103334.66
5-31-24,May,22,A116260,Spare part,Australia,AA41407176,18242.98
5-31-24,May,22,A109374,Spare part,Indonesia,AA41407177,65024.79
5-31-24,May,22,A133606,Spare part,Malaysia,AA41407178,473917.56
5-31-24,May,22,A136414,Service,Malaysia,AA41407198,18615.29
5-31-24,May,22,A146271,Service,Thailand,AA41407205,990000
6-04-24,June,23,A126893,Service,Indonesia,AA41112281,25137.07
6-04-24,June,23,A141949,Spare part,Thailand,AA41407179,42765
6-04-24,June,23,A150800,Spare part,Singapore,AA41407180,258909.55
6-05-24,June,23,A130912,Spare part,Thailand,AA41407184,23312
6-05-24,June,23,A141600,Spare part,Malaysia,AA41407185,8293.32
6-05-24,June,23,A137749,Spare part,Indonesia,AA41407186,16744.61
6-05-24,June,23,A136354,Spare part,Thailand,AA41408182,60450
6-06-24,June,23,A116260,Machine,Australia,AA41305275,19362.14
6-06-24,June,23,A127451,Spare part,Thailand,AA41407187,2121
6-06-24,June,23,A128083,Spare part,Thailand,AA41407188,24294.4
6-06-24,June,23,A128083,Service,Thailand,AA41407196,30000
6-07-24,June,23,A144481,Machine,Thailand,AA41305290,24838
6-07-24,June,23,A116260,Spare part,Australia,AA41407189,10698.38
6-07-24,June,23,A110168,Spare part,Malaysia,AA41407190,83802.02
6-10-24,June,24,A144481,Machine,Thailand,AA41305299,137823
6-10-24,June,24,A132739,Spare part,Indonesia,AA41407182,8036.62
6-10-24,June,24,A113414,Spare part,Thailand,AA41407191,106788
6-11-24,June,24,A116260,Machine,Australia,AA41305283,114526.8
6-11-24,June,24,A120721,Service,Malaysia,AA41407199,17376.48
6-11-24,June,24,A116260,Spare part,Australia,AA41407200,25681.65
6-11-24,June,24,A137333,Spare part,Philippines,AA41407201,54893.88
6-12-24,June,24,A143588,Service,Indonesia,AA41112041,23566
6-12-24,June,24,A140429,Service,Indonesia,AA41112308,15710.67
6-12-24,June,24,A132980,Service,Indonesia,AA41112336,15710.67
6-12-24,June,24,A136811,Spare part,Philippines,AA41407202,65596.21
6-12-24,June,24,A142581,Spare part,Thailand,AA41407203,8814
6-12-24,June,24,A132459,Spare part,Thailand,AA41407204,19026
6-13-24,June,24,A109374,Machine,Indonesia,AA41305293,414666
6-14-24,June,24,A121286,Service,Indonesia,AA41112050,79307.46
6-14-24,June,24,A143200,Service,Indonesia,AA41112352,17651.13
6-14-24,June,24,A143014,Machine,Thailand,AA41305289,940000
6-14-24,June,24,A151282,Machine,Malaysia,AA41305291,312144.77
6-14-24,June,24,A121286,Spare part,Indonesia,AA41407206,300139.2
6-14-24,June,24,A143655,Service,Indonesia,AA41408206,32541.41
6-17-24,June,25,A136318,Service,Thailand,AA41407208,21000
6-17-24,June,25,A142147,Service,Thailand,AA41407209,21000
6-17-24,June,25,A136318,Spare part,Thailand,AA41407210,41965.2
6-17-24,June,25,A116260,Spare part,Australia,AA41407211,18403.27
6-18-24,June,25,A116260,Spare part,Australia,AA41407212,83209.64
6-18-24,June,25,A136318,Spare part,Thailand,AA41407213,9192.6
6-18-24,June,25,A141705,Spare part,Indonesia,AA41407214,4028.18
6-18-24,June,25,A116260,Service,Australia,AA41407332,353453.4
6-19-24,June,25,A151207,Machine,New Zealand,AA41305298,79576.38
6-19-24,June,25,A136318,Spare part,Thailand,AA41407215,72713.7
6-19-24,June,25,A145139,Spare part,Thailand,AA41407218,28307
6-20-24,June,25,A116260,Machine,Australia,AA41305297,1919279.61
6-20-24,June,25,A142731,Spare part,Indonesia,AA41407216,866
6-20-24,June,25,A116260,Spare part,Australia,AA41407219,14568.6
6-20-24,June,25,A141765,Spare part,Indonesia,AA41407220,113105.09
6-20-24,June,25,A141089,Spare part,Thailand,AA41407221,10958
6-20-24,June,25,A113414,Service,Thailand,AA41407222,21000
6-20-24,June,25,A113136,Spare part,Indonesia,AA41407223,20061.94
6-20-24,June,25,A151303,Service,Malaysia,AA41407234,17376.48
6-21-24,June,25,A109374,Spare part,Indonesia,AA41407224,55920.67
6-24-24,June,26,A141949,Machine,Thailand,AA41305300,1364000
6-24-24,June,26,A137449,Service,Thailand,AA41407225,21000
6-24-24,June,26,A128083,Service,Thailand,AA41407226,210000
6-24-24,June,26,A144812,Spare part,Malaysia,AA41407227,8530.27
6-24-24,June,26,A146965,Service,Thailand,AA41407228,120000
6-24-24,June,26,A141795,Spare part,Indonesia,AA41407229,61860.27
6-25-24,June,26,A128083,Machine,Thailand,AA41305304,2109000
6-25-24,June,26,A136318,Spare part,Thailand,AA41407230,40168.8
6-25-24,June,26,A128083,Service,Thailand,AA41407231,15000
6-25-24,June,26,A115500,Service,Thailand,AA41407242,21000
6-26-24,June,26,A147859,Spare part,Indonesia,AA41407232,39728.95
6-26-24,June,26,A143052,Spare part,Thailand,AA41407233,10215
6-26-24,June,26,A140740,Service,Malaysia,AA41407235,46205.64
6-27-24,June,26,A141795,Service,Indonesia,AA41112334,15710.67
6-27-24,June,26,A151316,Machine,Tanzania,AA41305306,11847600
6-27-24,June,26,A151316,Machine,Tanzania,AA41305307,8293320
6-27-24,June,26,A116260,Service,Australia,AA41407217,62989.74
6-27-24,June,26,A111836,Service,Thailand,AA41407238,42000
6-27-24,June,26,A144814,Spare part,Indonesia,AA41407239,19588.03
6-28-24,June,26,A140740,Service,Malaysia,AA41305305,30803.76
6-28-24,June,26,A121286,Machine,Indonesia,AA41305309,714805.2
6-28-24,June,26,A146965,Spare part,Thailand,AA41407240,50127.2
6-28-24,June,26,A110168,Spare part,Malaysia,AA41407241,20298.89
7-01-24,July,27,A116260,Machine,Australia,AA41305311,88869.58
7-01-24,July,27,A143014,Spare part,Thailand,AA41407243,34590
7-01-24,July,27,A136773,Spare part,Thailand,AA41407244,167670.4
7-01-24,July,27,A136773,Spare part,Thailand,AA41407245,27520
7-01-24,July,27,A136773,Spare part,Thailand,AA41407246,13366.4
7-01-24,July,27,A127235,Spare part,Indonesia,AA41407247,19751.42
7-02-24,July,27,A138120,Service,Indonesia,AA41112426,124668.06
7-02-24,July,27,A140332,Spare part,Thailand,AA41407248,72629
7-02-24,July,27,A136882,Spare part,Indonesia,AA41407249,72145.92
7-02-24,July,27,A132731,Spare part,Indonesia,AA41407250,18391.3
7-02-24,July,27,A141827,Service,Thailand,AA41407321,10800
7-03-24,July,27,A142319,Machine,Philippines,AA41305316,251525.12
7-03-24,July,27,A133606,Spare part,Malaysia,AA41407251,14389.76
7-03-24,July,27,A146965,Spare part,Thailand,AA41407252,14151.6
7-04-24,July,27,A101708,Service,Italy,AA41112383,130099.2
7-04-24,July,27,A138266,Service,Indonesia,AA41112447,42280.05
7-04-24,July,27,A116260,Machine,Australia,AA41305318,15495.21
7-04-24,July,27,A136773,Spare part,Thailand,AA41407253,76128
7-04-24,July,27,A136773,Spare part,Thailand,AA41407254,165947.2
7-04-24,July,27,A133171,Spare part,Philippines,AA41407255,46402.05
7-04-24,July,27,A133171,Spare part,Philippines,AA41407256,15454.6
7-05-24,July,27,A144005,Spare part,New Zealand,AA41407258,60712.96
7-05-24,July,27,A136784,Spare part,Indonesia,AA41407259,186207.44
7-05-24,July,27,A143654,Spare part,Singapore,AA41407260,55982.08
7-05-24,July,27,A135821,Spare part,Thailand,AA41407261,32757
7-05-24,July,27,A141765,Spare part,Indonesia,AA41407262,15769.6
7-05-24,July,27,A142289,Spare part,Indonesia,AA41407263,16905.01
7-05-24,July,27,A136840,Spare part,Indonesia,AA41407264,17756.57
7-05-24,July,27,A138249,Spare part,Philippines,AA41407265,73289.22
7-08-24,July,28,A141949,Machine,Thailand,AA41305327,458000
7-08-24,July,28,A119732,Spare part,Fiji,AA41407192,400784.38
7-08-24,July,28,A119732,Service,Fiji,AA41407236,294103.04
7-08-24,July,28,A116260,Spare part,Australia,AA41407266,84446.21
7-08-24,July,28,A136354,Spare part,Thailand,AA41407267,38953
7-08-24,July,28,A128083,Spare part,Thailand,AA41408268,86915.2
7-08-24,July,28,A121218,Foc,Indonesia,FF42000004,0
7-09-24,July,28,A133042,Spare part,Indonesia,AA41407269,70963.2
7-09-24,July,28,A147859,Spare part,Indonesia,AA41407270,4100.1
7-09-24,July,28,A137820,Spare part,Indonesia,AA41407271,376459.78
7-09-24,July,28,A1198595,Spare part,Indonesia,AA41407272,20934.14
7-09-24,July,28,A141911,Spare part,Indonesia,AA41407273,28779.52
7-09-24,July,28,A116260,Service,Australia,AA41407275,4332.7
7-09-24,July,28,A136318,Spare part,Thailand,AA41407277,166488
7-10-24,July,28,A116260,Machine,Australia,AA41305335,279557.16
7-10-24,July,28,A115500,Spare part,Thailand,AA41407279,55398
7-10-24,July,28,A134169,Spare part,Ghana,AA41407280,773676.29
7-10-24,July,28,A143240,Spare part,Indonesia,AA41407281,7924.22
7-10-24,July,28,A133042,Spare part,Indonesia,AA41407282,69228.54
7-11-24,July,28,A150800,Machine,Singapore,AA41305337,33423.67
7-11-24,July,28,A120010,Spare part,Thailand,AA41407283,33435
7-12-24,July,28,A133094,Machine,Thailand,AA41305340,920000
7-12-24,July,28,A147452,Machine,Thailand,AA41305341,940000
7-12-24,July,28,A143240,Spare part,Indonesia,AA41407285,22944.77
7-12-24,July,28,A143240,Spare part,Indonesia,AA41407286,8752.13
7-12-24,July,28,A109692,Service,Thailand,AA41407287,18000
7-12-24,July,28,A143833,Spare part,Indonesia,AA41407288,22708.22
7-12-24,July,28,A140595,Spare part,Thailand,AA41407289,4798
7-12-24,July,28,A128083,Spare part,Thailand,AA41407290,53583.2
7-12-24,July,28,A144841,Spare part,Thailand,AA41407291,24715
7-12-24,July,28,A143852,Service,Philippines,AA41407292,61501.44
7-12-24,July,28,A140740,Service,Malaysia,AA41407359,30750.72
7-15-24,July,29,A116260,Machine,Australia,AA41305345,17675.92
7-15-24,July,29,A145643,Spare part,Thailand,AA41407293,78356
7-15-24,July,29,A109692,Spare part,Thailand,AA41407294,100460
7-15-24,July,29,A109692,Spare part,Thailand,AA41407295,96724
7-15-24,July,29,A127235,Spare part,Indonesia,AA41407296,11196.42
7-15-24,July,29,A135821,Service,Thailand,AA41407320,21000
7-16-24,July,29,A145255,Machine,Thailand,AA41305346,2350000
7-16-24,July,29,A128083,Spare part,Thailand,AA41407297,28150.4
7-16-24,July,29,A116165,Spare part,Thailand,AA41407298,88185.6
7-16-24,July,29,A109692,Service,Thailand,AA41407397,18000
7-17-24,July,29,A137820,Service,Indonesia,AA41112158,70466.75
7-17-24,July,29,A138463,Spare part,Thailand,AA41407300,107034
7-17-24,July,29,A115116,Spare part,Indonesia,AA41407301,129428.99
7-17-24,July,29,A113414,Spare part,Thailand,AA41407302,6235
7-17-24,July,29,A137333,Spare part,Philippines,AA41407304,134948.35
7-17-24,July,29,A151444,Spare part,Indonesia,AA41407305,19396.61
7-17-24,July,29,A121025,Service,Thailand,AA41407311,12600
7-18-24,July,29,A145939,Spare part,Thailand,AA41407306,120079.68
7-18-24,July,29,A111356,Spare part,Thailand,AA41407308,98180
7-18-24,July,29,A146328,Spare part,Thailand,AA41407309,18410
7-18-24,July,29,A141765,Spare part,Indonesia,AA41408307,12142.59
7-19-24,July,29,A151461,Machine,Indonesia,AA41305352,636461.06
7-19-24,July,29,A110039,Spare part,Philippines,AA41407310,11038.72
7-19-24,July,29,A146318,Spare part,Indonesia,AA41407313,119809.54
7-19-24,July,29,A146271,Spare part,Thailand,AA41407322,14534.4
7-22-24,July,30,A146271,Spare part,Thailand,AA41407314,172323.2
7-22-24,July,30,A119895,Spare part,Indonesia,AA41407315,27439.1
7-22-24,July,30,A151464,Spare part,Thailand,AA41407316,94976
7-23-24,July,30,A134212,Spare part,Thailand,AA41407317,38583
7-23-24,July,30,A133464,Spare part,Philippines,AA41407319,44990.67
7-24-24,July,30,A121286,Machine,Indonesia,AA41305362,192941.06
7-24-24,July,30,A142132,Spare part,Malaysia,AA41407324,15335.94
7-25-24,July,30,A151502,Machine,Thailand,AA41305363,41031
7-25-24,July,30,A101708,Service,Thailand,AA41407326,29173.76
7-25-24,July,30,A113527,Spare part,Indonesia,AA41407328,109204.48
7-25-24,July,30,A121286,Spare part,Indonesia,AA41407329,38603.98
7-26-24,July,30,A109374,Service,Indonesia,AA41112320,85357.05
7-26-24,July,30,A135821,Machine,Thailand,AA41305369,53000
7-26-24,July,30,A143014,Spare part,Thailand,AA41407330,11096
7-26-24,July,30,A132739,Spare part,Indonesia,AA41407333,69780.48
7-26-24,July,30,A142594,Spare part,Indonesia,AA41407334,4336.64
7-30-24,July,31,A138395,Service,Indonesia,AA41112545,78296.39
7-30-24,July,31,A121286,Spare part,Indonesia,AA41407307,9871.77
7-30-24,July,31,A116260,Spare part,Australia,AA41407335,26299.75
7-30-24,July,31,A110039,Spare part,Philippines,AA41407336,546377.22
7-30-24,July,31,A107587,Service,Thailand,AA41407338,27202.56
7-30-24,July,31,A144814,Spare part,Indonesia,AA41407340,152452.61
7-30-24,July,31,A113527,Spare part,Indonesia,AA41407341,70766.08
7-30-24,July,31,A143183,Service,Thailand,AA41407342,21000
7-30-24,July,31,A143183,Spare part,Thailand,AA41407346,109000
7-30-24,July,31,A101708,Service,Thailand,AA41407398,25231.36
7-30-24,July,31,A116165,Service,Thailand,AA41407413,42000
7-30-24,July,31,A143183,Service,Thailand,AA41407462,38000
7-30-24,July,31,A134985,Service,Thailand,AA41408337,99742.72
7-31-24,July,31,A128083,Machine,Thailand,AA41305377,3650000
7-31-24,July,31,A132142,Machine,Indonesia,AA41305378,456056.83
7-31-24,July,31,A149276,Machine,Malaysia,AA41305380,270054.4
7-31-24,July,31,A141795,Machine,Indonesia,AA41305383,1340416
7-31-24,July,31,A146328,Service,Thailand,AA41407327,319514.17
7-31-24,July,31,A133606,Service,Malaysia,AA41407343,10407.94
7-31-24,July,31,A146075,Spare part,Thailand,AA41407344,59600.16
7-31-24,July,31,A113414,Spare part,Thailand,AA41407345,26736
7-31-24,July,31,A116260,Spare part,Australia,AA41407347,16309.71
7-31-24,July,31,A116165,Spare part,Thailand,AA41407348,152540.1
7-31-24,July,31,A140560,Service,Philippines,AA41407349,2828672
7-31-24,July,31,A146573,Spare part,Thailand,AA41407350,12995
7-31-24,July,31,A150835,Spare part,Thailand,AA41407352,407713
7-31-24,July,31,A128083,Service,Thailand,AA41407371,172491.04
7-31-24,July,31,A128083,Service,Thailand,AA41407660,177488.82
8-01-24,August,31,A110039,Spare part,Philippines,AA41407351,83222.03
8-01-24,August,31,A110168,Spare part,Malaysia,AA41407353,153472.89
8-01-24,August,31,A141935,Spare part,Indonesia,AA41407354,59307.65
8-01-24,August,31,A144166,Spare part,Malaysia,AA41407355,6810.81
8-02-24,August,31,A134814,Spare part,Indonesia,AA41407357,28391.15
8-05-24,August,32,A134851,Spare part,Malaysia,AA41407358,70021.29
8-05-24,August,32,A143014,Spare part,Thailand,AA41407360,11096
8-05-24,August,32,A116260,Spare part,Australia,AA41407361,45934.73
8-05-24,August,32,A137333,Spare part,Philippines,AA41407362,684486.81
8-05-24,August,32,A144841,Spare part,Thailand,AA41407363,12890
8-05-24,August,32,A139867,Spare part,Thailand,AA41407364,66741
8-05-24,August,32,A116260,Spare part,Australia,AA41407365,26248.42
8-06-24,August,32,A109374,Spare part,Indonesia,AA41407356,10302.31
8-06-24,August,32,A130150,Spare part,Thailand,AA41407367,10450
8-06-24,August,32,A116260,Spare part,Australia,AA41408385,8544.13
8-07-24,August,32,A151529,Machine,Indonesia,AA41305388,1948696.33
8-07-24,August,32,A101708,Service,Thailand,AA41407369,381214.27
8-07-24,August,32,A132459,Service,Thailand,AA41407370,378000
8-08-24,August,32,A137449,Spare part,Thailand,AA41407372,76520
8-08-24,August,32,A141765,Spare part,Indonesia,AA41407373,134685.76
8-08-24,August,32,A130961,Spare part,Thailand,AA41407374,47758
8-08-24,August,32,A146271,Service,Thailand,AA41407409,21000
8-09-24,August,32,A143240,Service,Indonesia,AA41112205,9263.71
8-09-24,August,32,A116260,Machine,Australia,AA41305402,230709.05
8-09-24,August,32,A116260,Spare part,Australia,AA41407337,76451.77
8-09-24,August,32,A144005,Spare part,New Zealand,AA41407376,17516.8
8-09-24,August,32,A141795,Spare part,Indonesia,AA41407378,90361.9
8-09-24,August,32,A116260,Spare part,Australia,AA41407379,20141.64
8-09-24,August,32,A151464,Service,Thailand,AA41407410,18000
8-13-24,August,33,A141795,Service,Thailand,AA41112597,15439.52
8-13-24,August,33,A137820,Spare part,Indonesia,AA41407380,140578.26
8-13-24,August,33,A136882,Spare part,Indonesia,AA41407381,125847.01
8-13-24,August,33,A144841,Spare part,Thailand,AA41407382,9266
8-14-24,August,33,A138266,Service,Thailand,AA41112097,15439.52
8-14-24,August,33,A135821,Spare part,Thailand,AA41407383,169830
8-14-24,August,33,A127451,Spare part,Thailand,AA41407384,2015
8-14-24,August,33,A139867,Spare part,Thailand,AA41407385,6576
8-14-24,August,33,A128083,Service,Thailand,AA41407386,15000
8-15-24,August,33,A116260,Machine,Australia,AA41305405,18759.58
8-15-24,August,33,A144246,Machine,Thailand,AA41305406,1470000
8-15-24,August,33,A148512,Service,Indonesia,AA41407387,2315928.58
8-15-24,August,33,A134212,Spare part,Thailand,AA41407388,39596
8-15-24,August,33,A129318,Spare part,Thailand,AA41407389,172353
8-15-24,August,33,A128083,Service,Thailand,AA41407499,15000
8-16-24,August,33,A132459,Spare part,Thailand,AA41407390,15822
8-16-24,August,33,A133464,Spare part,Philippines,AA41407391,96216.14
8-16-24,August,33,A140740,Spare part,Malaysia,AA41407392,134685.76
8-16-24,August,33,A140740,Spare part,Malaysia,AA41407393,50430.63
8-19-24,August,34,A151153,Spare part,Indonesia,AA41407394,38645.63
8-19-24,August,34,A151606,Spare part,Indonesia,AA41407395,31413.92
8-20-24,August,34,A138265,Machine,Indonesia,AA41305409,1377468
8-20-24,August,34,A143183,Spare part,Thailand,AA41407396,218000
8-20-24,August,34,A143183,Service,Thailand,AA41407484,38000
8-22-24,August,34,A143014,Machine,Thailand,AA41305415,19923
8-22-24,August,34,A132980,Machine,Indonesia,AA41305416,3440035.02
8-22-24,August,34,A113414,Spare part,Thailand,AA41407399,54054
8-22-24,August,34,A132459,Service,Thailand,AA41407400,21000
8-22-24,August,34,A111356,Spare part,Thailand,AA41407401,48158
8-22-24,August,34,A111836,Spare part,Thailand,AA41407402,11336
8-22-24,August,34,A136187,Spare part,Myanmar,AA41407403,14004.26
8-22-24,August,34,A134814,Spare part,Indonesia,AA41407404,65735.83
8-26-24,August,35,A108766,Spare part,Thailand,AA41407405,18070
8-26-24,August,35,A151444,Spare part,Indonesia,AA41407406,702738.26
8-26-24,August,35,A140249,Spare part,Indonesia,AA41407407,11295.24
8-26-24,August,35,A151516,Service,Singapore,AA41407416,18748.87
8-27-24,August,35,A116260,Spare part,Australia,AA41407411,28926.83
8-27-24,August,35,A141927,Spare part,Thailand,AA41407412,56395
8-27-24,August,35,A116260,Spare part,Australia,AA41407414,174760.13
8-28-24,August,35,A132459,Spare part,Thailand,AA41407415,414166.5
8-29-24,August,35,A144005,Machine,New Zealand,AA41305425,99828.17
8-29-24,August,35,A116260,Spare part,Australia,AA41407448,51050.49
8-29-24,August,35,A144005,Spare part,New Zealand,AA41408417,64763.95
8-30-24,August,35,A145907,Spare part,Thailand,AA41407419,55148
9-03-24,September,36,A116260,Machine,Australia,AA41305430,18146.24
9-03-24,September,36,A133464,Spare part,Philippines,AA41407420,120784.96
9-03-24,September,36,A139867,Spare part,Thailand,AA41407421,822218
9-04-24,September,36,A133042,Spare part,Indonesia,AA41407423,66621.6
9-04-24,September,36,A151633,Spare part,Indonesia,AA41407424,6884.23
9-04-24,September,36,A151633,Spare part,Indonesia,AA41407425,7180.33
9-04-24,September,36,A151633,Spare part,Indonesia,AA41407426,175029.75
9-04-24,September,36,A128083,Service,Thailand,AA41407438,30000
9-04-24,September,36,A113414,Service,Thailand,AA41407440,190800
9-05-24,September,36,A109374,Spare part,Indonesia,AA41407427,13324.32
9-05-24,September,36,A134814,Spare part,Indonesia,AA41407428,196422.68
9-05-24,September,36,A144814,Spare part,Indonesia,AA41407429,14249.62
9-05-24,September,36,A144841,Spare part,Thailand,AA41407430,59836
9-06-24,September,36,A151662,Machine,Malaysia,AA41305432,6002532.14
9-06-24,September,36,A132739,Machine,Indonesia,AA41305433,1720243.74
9-06-24,September,36,A121286,Machine,Indonesia,AA41305436,1901417.48
9-06-24,September,36,A116260,Spare part,Australia,AA41407431,58086.63
9-09-24,September,37,A116260,Spare part,Australia,AA41305442,95342.91
9-09-24,September,37,A116260,Machine,Australia,AA41315442,13287.31
9-09-24,September,37,A144464,Spare part,Thailand,AA41407432,66444
9-09-24,September,37,A133464,Spare part,Philippines,AA41407433,553958.6
9-09-24,September,37,A110039,Spare part,Philippines,AA41407434,62439.24
9-09-24,September,37,A134851,Service,Malaysia,AA41407435,340510.4
9-09-24,September,37,A133464,Spare part,Philippines,AA41407436,120518.47
9-09-24,September,37,A136318,Spare part,Thailand,AA41407437,58479.3
9-10-24,September,37,A143257,Machine,Thailand,AA41305444,15000000
9-10-24,September,37,A114927,Spare part,Malaysia,AA41407439,63475.58
9-11-24,September,37,A147452,Machine,Thailand,AA41305449,2280000
9-11-24,September,37,A145007,Machine,Thailand,AA41305452,188000
9-11-24,September,37,A147452,Machine,Thailand,AA41315449,720000
9-11-24,September,37,A115097,Spare part,Thailand,AA41407441,24373
9-11-24,September,37,A137333,Spare part,Philippines,AA41407442,278441.28
9-11-24,September,37,A134212,Spare part,Thailand,AA41407443,23420
9-11-24,September,37,A145787,Service,Thailand,AA41407449,21500
9-12-24,September,37,A132459,Spare part,Thailand,AA41407444,143431.2
9-12-24,September,37,A113414,Service,Thailand,AA41407445,21000
9-12-24,September,37,A145444,Service,Thailand,AA41407494,12900
9-13-24,September,37,A151692,Machine,Thailand,AA41305457,1300000
9-13-24,September,37,A113414,Spare part,Thailand,AA41407447,57709
9-13-24,September,37,A146906,Spare part,Indonesia,AA41407450,79762
9-13-24,September,37,A146906,Spare part,Indonesia,AA41407451,268083
9-16-24,September,38,A151694,Machine,Thailand,AA41305462,1400000
9-16-24,September,38,A127451,Spare part,Thailand,AA41407452,8060
9-16-24,September,38,A116260,Spare part,Australia,AA41407453,54666.72
9-16-24,September,38,A133464,Spare part,Philippines,AA41407454,94902.47
9-16-24,September,38,A136677,Spare part,Indonesia,AA41407456,165295.59
9-16-24,September,38,A128083,Spare part,Thailand,AA41407457,37022.4
9-16-24,September,38,A107587,Service,Thailand,AA41407504,80686.16
9-17-24,September,38,A128083,Spare part,Thailand,AA41407458,20576
9-17-24,September,38,A128083,Spare part,Thailand,AA41407459,57804.8
9-17-24,September,38,A128083,Spare part,Thailand,AA41407460,37022.4
9-17-24,September,38,A116260,Spare part,Australia,AA41407461,35624.05
9-17-24,September,38,A128083,Spare part,Thailand,AA41407463,144952.8
9-18-24,September,38,A113262,Machine,Thailand,AA41305469,2900000
9-18-24,September,38,A113262,Machine,Thailand,AA41305470,3900000
9-18-24,September,38,A129095,Spare part,Malaysia,AA41407464,24575.97
9-18-24,September,38,A143148,Spare part,Thailand,AA41407465,25905
9-18-24,September,38,A120010,Service,Thailand,AA41407466,21500
9-18-24,September,38,A140367,Service,Thailand,AA41407467,21500
9-19-24,September,38,A116260,Spare part,Australia,AA41407268,138247.22
9-19-24,September,38,A136318,Spare part,Thailand,AA41407469,59405.4
9-19-24,September,38,A146965,Spare part,Thailand,AA41407470,117156.6
9-20-24,September,38,A120810,Machine,Thailand,AA41305471,684007
9-20-24,September,38,A142027,Service,Thailand,AA41407417,21000
9-20-24,September,38,A120810,Service,Thailand,AA41407472,18900
9-20-24,September,38,A129318,Service,Thailand,AA41407473,12600
9-20-24,September,38,A142569,Spare part,Indonesia,AA41407474,44784.52
9-20-24,September,38,A132739,Spare part,Indonesia,AA41407475,42933.92
9-20-24,September,38,A144814,Spare part,Indonesia,AA41407476,14878.82
9-20-24,September,38,A144814,Spare part,Indonesia,AA41407477,36308.77
9-20-24,September,38,A138033,Spare part,Indonesia,AA41407478,242095.49
9-20-24,September,38,A117187,Service,Thailand,AA41407486,21500
9-23-24,September,39,A110618,Spare part,Malaysia,AA41407479,155265.34
9-23-24,September,39,A151690,Spare part,Malaysia,AA41407480,24353.9
9-23-24,September,39,A132980,Spare part,Indonesia,AA41407481,84017.24
9-23-24,September,39,A113414,Service,Thailand,AA41407505,190800
9-24-24,September,39,A120810,Machine,Thailand,AA41305473,1367000
9-24-24,September,39,A121286,Spare part,Indonesia,AA41407482,9267.8
9-26-24,September,39,A110168,Machine,Malaysia,AA41305482,6831856.65
9-26-24,September,39,A120810,Spare part,Thailand,AA41407485,14804
9-26-24,September,39,A134814,Spare part,Indonesia,AA41407487,20060.5
9-27-24,September,39,A119895,Service,Indonesia,AA41112784,25011.79
9-27-24,September,39,A139867,Service,Thailand,AA41407455,49500
9-27-24,September,39,A136775,Spare part,Indonesia,AA41407489,281180.16
9-27-24,September,39,A109374,Spare part,Indonesia,AA41407490,28397.46
9-27-24,September,39,A133042,Spare part,Indonesia,AA41407491,24057.8
9-27-24,September,39,A107587,Service,Thailand,AA41407525,49966.2
9-27-24,September,39,A142852,Service,Thailand,AA41407669,21000
9-30-24,September,40,A134985,Service,Thailand,AA41407492,162852.8
9-30-24,September,40,A139867,Spare part,Thailand,AA41407493,20580
9-30-24,September,40,A115116,Spare part,Indonesia,AA41407495,24205.85
9-30-24,September,40,A115116,Spare part,Indonesia,AA41407497,27684.98
9-30-24,September,40,A136318,Spare part,Thailand,AA41407498,291026.8
9-30-24,September,40,A136773,Service,Thailand,AA41407500,21000
10-01-24,October,40,A138463,Spare part,Thailand,AA41407501,11743
10-01-24,October,40,A137820,Spare part,Indonesia,AA41407502,133774.01
10-01-24,October,40,A110415,Spare part,Taiwan,AA41407503,123331.34
10-01-24,October,40,A144005,Foc,New Zealand,FF42000000,0
10-01-24,October,40,A144005,Foc,New Zealand,FF42000001,0
10-02-24,October,40,A116260,Spare part,Australia,AA41407506,44425.06
10-03-24,October,40,A143014,Spare part,Thailand,AA41407507,24510
10-04-24,October,40,A151715,Machine,Thailand,AA41305494,103500
10-04-24,October,40,A147383,Machine,Indonesia,AA41305496,1347207
10-04-24,October,40,A109374,Spare part,Indonesia,AA41407509,21382.36
10-04-24,October,40,A133171,Spare part,Philippines,AA41407510,96125.04
10-04-24,October,40,A101708,Service,Thailand,AA41407511,678701.04
10-04-24,October,40,A145273,Spare part,Nigeria,AA41407512,184530.95
10-04-24,October,40,A110039,Spare part,Philippines,AA41407513,555122.11
10-04-24,October,40,A113414,Service,Thailand,AA41407514,21000
10-04-24,October,40,A151316,Foc,Tanzania,FF42000002,0
10-07-24,October,41,A133464,Spare part,Philippines,AA41407515,80286.26
10-08-24,October,41,A129318,Machine,Thailand,AA41305498,59376
10-08-24,October,41,A135664,Service,Thailand,AA414000003,14200.29
10-08-24,October,41,A143654,Spare part,Singapore,AA41407516,8563.87
10-08-24,October,41,A113414,Spare part,Thailand,AA41407517,18444
10-08-24,October,41,A136773,Spare part,Thailand,AA41407519,104526.4
10-09-24,October,41,A136187,Spare part,Myanmar,AA41407520,250653.32
10-09-24,October,41,A144098,Spare part,Indonesia,AA41407521,71438.38
10-09-24,October,41,A132739,Spare part,Indonesia,AA41407522,37685.39
10-10-24,October,41,A136773,Spare part,Thailand,AA41407523,15231.2
10-10-24,October,41,A151316,Service,Tanzania,AA41408508,1257089.78
10-11-24,October,41,A143909,Machine,Indonesia,AA41305516,519584.97
10-11-24,October,41,A140429,Machine,Indonesia,AA41305520,58949.41
10-11-24,October,41,A138394,Spare part,Myanmar,AA41407524,56764.75
10-11-24,October,41,A151789,Service,Malaysia,AA41407526,28400.58
10-11-24,October,41,A135821,Service,Thailand,AA41407527,43000
10-11-24,October,41,A132739,Spare part,Indonesia,AA41407528,11360.23
10-11-24,October,41,A109374,Spare part,Indonesia,AA41407529,10540.98
10-14-24,October,42,A128083,Spare part,Thailand,AA41407530,27860
10-14-24,October,42,A142221,Spare part,Thailand,AA41407531,141629
10-14-24,October,42,A148621,Service,Malaysia,AA41407532,14200.29
10-14-24,October,42,A140740,Spare part,Malaysia,AA41407533,40197.74
10-15-24,October,42,A144481,Machine,Thailand,AA41305521,42277
10-15-24,October,42,A120810,Spare part,Thailand,AA41407534,16322
10-15-24,October,42,A140367,Spare part,Thailand,AA41407535,84659
10-15-24,October,42,A134784,Service,Malaysia,AA41407590,16020.84
10-16-24,October,42,A113178,Spare part,Malaysia,AA41407536,6918.09
10-16-24,October,42,A144294,Service,Philippines,AA41407537,18933.72
10-16-24,October,42,A136811,Spare part,Philippines,AA41407538,224583.05
10-16-24,October,42,A143183,Spare part,Thailand,AA41407539,218000
10-16-24,October,42,A143183,Service,Thailand,AA41407540,64500
10-17-24,October,42,A132447,Service,Indonesia,AA41112927,9001.91
10-17-24,October,42,A116260,Spare part,Australia,AA41407541,96216.07
10-17-24,October,42,A142147,Spare part,Thailand,AA41407542,13542
10-17-24,October,42,A142680,Spare part,Thailand,AA41407543,9554
10-17-24,October,42,A140740,Spare part,Malaysia,AA41407544,9539.68
10-17-24,October,42,A140740,Spare part,Malaysia,AA41407545,55017.02
10-17-24,October,42,A141927,Spare part,Thailand,AA41407546,8947
10-17-24,October,42,A137518,Machine,Indonesia,AA41408632,69180.9
10-18-24,October,42,A151841,Spare part,Indonesia,AA41407547,93794.74
10-18-24,October,42,A151841,Spare part,Indonesia,AA41407548,237691.01
10-18-24,October,42,A151841,Spare part,Indonesia,AA41407549,75625.65
10-18-24,October,42,A134506,Spare part,Thailand,AA41407550,38280
10-18-24,October,42,A137415,Spare part,Singapore,AA41407551,11578.7
10-18-24,October,42,A110039,Spare part,Philippines,AA41407552,19625.53
10-21-24,October,43,A116260,Machine,Australia,AA41305505,642205.57
10-21-24,October,43,A145841,Machine,Thailand,AA41315231,43200
10-21-24,October,43,A130912,Spare part,Thailand,AA41407554,21001
10-21-24,October,43,A113585,Spare part,Indonesia,AA41407555,340260.8
10-21-24,October,43,A111356,Service,Thailand,AA41407595,18900
10-21-24,October,43,A121218,Foc,Indonesia,FF42000005,0
10-24-24,October,43,A145444,Spare part,Thailand,AA41407556,4020
10-24-24,October,43,A140918,Spare part,Thailand,AA41407557,345776
10-24-24,October,43,A120010,Spare part,Thailand,AA41407558,5710
10-24-24,October,43,A101708,Service,Thailand,AA41407559,40052.1
10-24-24,October,43,A133606,Spare part,Malaysia,AA41407560,1186237.61
10-24-24,October,43,A127551,Spare part,Malaysia,AA41407561,21191.2
10-24-24,October,43,A128083,Spare part,Thailand,AA41407562,236099.2
10-24-24,October,43,A151789,Service,Malaysia,AA41408684,28400.58
10-25-24,October,43,A142731,Spare part,Indonesia,AA41407563,86876.65
10-25-24,October,43,A144161,Spare part,Philippines,AA41407564,125836.42
10-25-24,October,43,A147686,Spare part,Thailand,AA41407565,85238
10-25-24,October,43,A151789,Spare part,Malaysia,AA41407566,10559.19
10-25-24,October,43,A108766,Spare part,Thailand,AA41407567,53862
10-25-24,October,43,A115116,Spare part,Indonesia,AA41407568,25487.7
10-25-24,October,43,A101708,Service,Thailand,AA41407695,23303.04
10-28-24,October,44,A144005,Machine,New Zealand,AA41305530,343292.01
10-28-24,October,44,A128083,Spare part,Thailand,AA41407569,11910.4
10-28-24,October,44,A128083,Service,Thailand,AA41407699,15000
10-29-24,October,44,A143014,Machine,Thailand,AA41305532,280000
10-29-24,October,44,A128083,Spare part,Thailand,AA41407571,59044.8
10-29-24,October,44,A113414,Service,Thailand,AA41407626,190800
10-29-24,October,44,A146271,Service,Thailand,AA41407629,21500
10-30-24,October,44,A137269,Machine,Malaysia,AA41305533,728220
10-30-24,October,44,A142475,Spare part,Thailand,AA41407572,10570
10-30-24,October,44,A137502,Spare part,Thailand,AA41407573,64230
10-30-24,October,44,A113414,Service,Thailand,AA41407610,54550
10-31-24,October,44,A148512,Machine,Indonesia,AA41305536,453462.59
10-31-24,October,44,A148512,Machine,Indonesia,AA41315536,370918.86
10-31-24,October,44,A146612,Spare part,Indonesia,AA41407574,504692.87
10-31-24,October,44,A128083,Spare part,Thailand,AA41407575,92400
10-31-24,October,44,A113585,Spare part,Indonesia,AA41407576,115495.69
10-31-24,October,44,A136773,Spare part,Thailand,AA41407577,9742.4
10-31-24,October,44,A116260,Spare part,Australia,AA41407578,16286.64
10-31-24,October,44,A130805,Spare part,Indonesia,AA41407579,250179.98
10-31-24,October,44,A141927,Spare part,Thailand,AA41407580,111958
10-31-24,October,44,A134212,Spare part,Thailand,AA41407581,10200
10-31-24,October,44,A132891,Spare part,Thailand,AA41407582,8652
10-31-24,October,44,A140765,Spare part,Myanmar,AA41407583,184676.59
10-31-24,October,44,A148512,Machine,Indonesia,AA41408634,188120.68
11-01-24,November,44,A119895,Service,Indonesia,AA41112983,17793.43
11-01-24,November,44,A141949,Machine,Thailand,AA41305540,150000
11-01-24,November,44,A141927,Spare part,Thailand,AA41407584,9764
11-01-24,November,44,A144841,Spare part,Thailand,AA41407585,6840
11-01-24,November,44,A146375,Spare part,Thailand,AA41407593,24091.2
11-04-24,November,45,A117710,Service,Thailand,AA41305491,21500
11-04-24,November,45,A110415,Spare part,Taiwan,AA41407586,30137.1
11-05-24,November,45,A143148,Spare part,Thailand,AA41407587,30609
11-05-24,November,45,A136354,Spare part,Thailand,AA41407588,21121
11-05-24,November,45,A136354,Spare part,Thailand,AA41407589,6293
11-06-24,November,45,A143014,Machine,Thailand,AA41305542,118720
11-06-24,November,45,A113585,Spare part,Indonesia,AA41407591,388080.51
11-06-24,November,45,A138609,Spare part,Indonesia,AA41407592,77339.61
11-06-24,November,45,A111728,Spare part,Thailand,AA41407594,15974.82
11-06-24,November,45,A133464,Spare part,Philippines,AA41407596,188702.51
11-06-24,November,45,A147095,Service,Thailand,AA41408631,67000
11-07-24,November,45,A120810,Service,Thailand,AA41407508,18900
11-07-24,November,45,A117710,Spare part,Thailand,AA41407597,21001
11-07-24,November,45,A127551,Spare part,Thailand,AA41407598,50305.31
11-08-24,November,45,A147383,Machine,Indonesia,AA41305545,54375.82
11-08-24,November,45,A116260,Spare part,Australia,AA41407599,64667.28
11-08-24,November,45,A1098374,Spare part,Indonesia,AA41407601,19267.7
11-08-24,November,45,A116022,Service,Philippines,AA41407640,19968.52
11-08-24,November,45,A146318,Service,Indonesia,AA41408629,17793.43
11-11-24,November,46,A136773,Service,Thailand,AA41305151,21000
11-11-24,November,46,A141705,Service,Indonesia,AA41305492,95284.96
11-11-24,November,46,A148621,Service,Malaysia,AA41407600,16896.44
11-11-24,November,46,A146375,Spare part,Thailand,AA41407602,48182.4
11-11-24,November,46,A117187,Spare part,Thailand,AA41407604,84626.85
11-11-24,November,46,A128083,Service,Thailand,AA41407706,15000
11-11-24,November,46,A145643,Service,Thailand,AA41407708,37800
11-12-24,November,46,A120010,Spare part,Thailand,AA41407605,11620
11-12-24,November,46,A128083,Spare part,Thailand,AA41407606,41070.4
11-12-24,November,46,A147095,Spare part,Thailand,AA41407607,104919
11-12-24,November,46,A133464,Spare part,Philippines,AA41407608,56956.36
11-13-24,November,46,A134985,Service,Italy,AA41407609,168964.4
11-13-24,November,46,A129318,Service,Thailand,AA41407611,12900
11-13-24,November,46,A127551,Service,Malaysia,AA41407612,16896.44
11-13-24,November,46,A143183,Spare part,Thailand,AA41407613,64964
11-14-24,November,46,A144814,Spare part,Indonesia,AA41407614,120502.34
11-14-24,November,46,A132739,Spare part,Indonesia,AA41407615,97663.34
11-14-24,November,46,A135473,Spare part,Myanmar,AA41407616,199877.21
11-15-24,November,46,A140717,Machine,Indonesia,AA41305571,633616.5
11-15-24,November,46,A128083,Spare part,Thailand,AA41407617,5119.2
11-15-24,November,46,A121286,Service,Indonesia,AA41407618,28800.75
11-15-24,November,46,A142594,Spare part,Indonesia,AA41407619,7795.4
11-15-24,November,46,A151516,Service,Singapore,AA41407627,37632.98
11-18-24,November,47,A146271,Spare part,Thailand,AA41407620,134500.8
11-18-24,November,47,A137749,Spare part,Indonesia,AA41407622,23808.62
11-18-24,November,47,A146271,Spare part,Thailand,AA41407623,178096
11-18-24,November,47,A116260,Spare part,Australia,AA41407624,51745.35
11-18-24,November,47,A121286,Spare part,Indonesia,AA41407625,46326.97
11-18-24,November,47,A146271,Service,Thailand,AA41407701,43000
11-19-24,November,47,A151529,Machine,Indonesia,AA41305569,2918476
11-19-24,November,47,A151944,Machine,Indonesia,AA41305573,2602819.78
11-19-24,November,47,A151944,Machine,Indonesia,AA41497628,123651.22
11-20-24,November,47,A151961,Machine,Thailand,AA41305578,38324
11-20-24,November,47,A120010,Spare part,Thailand,AA41407630,37107
11-20-24,November,47,A138265,Spare part,Indonesia,AA41407631,10560.28
11-20-24,November,47,A137333,Spare part,Philippines,AA41407632,55297.44
11-20-24,November,47,A151962,Spare part,Thailand,AA41407633,91091
11-21-24,November,47,A101708,Service,Italy,AA41112876,98306.56
11-21-24,November,47,A101708,Spare part,Italy,AA41407634,224430.8
11-21-24,November,47,A133606,Spare part,Malaysia,AA41407636,6081
11-21-24,November,47,A101708,Service,Italy,AA41408636,896663.35
11-22-24,November,47,A118732,Spare part,Fiji,AA41407637,794670.29
11-22-24,November,47,A121286,Spare part,Indonesia,AA41407638,51580.22
11-22-24,November,47,A134957,Spare part,Indonesia,AA41407639,37049.28
11-25-24,November,48,A120810,Spare part,Thailand,AA41407641,26386
11-25-24,November,48,A140740,Spare part,Malaysia,AA41407645,9139.44
11-25-24,November,48,A141927,Spare part,Thailand,AA41407646,6582
11-25-24,November,48,A134851,Spare part,Malaysia,AA41407647,74881.95
11-25-24,November,48,A128083,Spare part,Thailand,AA41407648,20885.6
11-25-24,November,48,A113414,Service,Thailand,AA41407690,190800
11-26-24,November,48,A134814,Spare part,Indonesia,AA41407642,35559.33
11-26-24,November,48,A136882,Spare part,Indonesia,AA41407643,100533.82
11-26-24,November,48,A138249,Spare part,Philippines,AA41407644,32141.64
11-26-24,November,48,A113414,Spare part,Thailand,AA41407649,16495
11-27-24,November,48,A119895,Spare part,Indonesia,AA41407650,18470.88
11-27-24,November,48,A137473,Spare part,Myanmar,AA41407652,231711.63
11-28-24,November,48,A111044,Spare part,Thailand,AA41407653,19304
11-28-24,November,48,A145643,Service,Thailand,AA41407654,11340
11-28-24,November,48,A148512,Machine,Indonesia,AA41408633,171853.04
11-29-24,November,48,A151983,Spare part,Indonesia,AA41407655,2408203.51
12-02-24,December,49,A143148,Spare part,Thailand,AA41407657,3623.52
12-02-24,December,49,A130926,Spare part,Malaysia,AA41407659,14054.77
12-02-24,December,49,A148621,Service,Malaysia,AA41407704,52609.37
12-02-24,December,49,A139988,Service,Malaysia,AA41407705,16896.44
12-03-24,December,49,A128083,Machine,Thailand,AA41305592,390000
12-03-24,December,49,A142221,Spare part,Thailand,AA41407661,65820
12-03-24,December,49,A119316,Spare part,Malaysia,AA41407662,68276.98
12-03-24,December,49,A110168,Spare part,Malaysia,AA41407663,46926.02
12-03-24,December,49,A144841,Spare part,Thailand,AA41407664,3668
12-04-24,December,49,A116260,Spare part,Australia,AA41407665,39944.72
12-04-24,December,49,A109374,Spare part,Indonesia,AA41407666,15379.6
12-04-24,December,49,A136354,Spare part,Thailand,AA41407667,7206
12-04-24,December,49,A140414,Spare part,Indonesia,AA41407668,5145.73
12-04-24,December,49,A120810,Service,Thailand,AA41407703,18900
12-06-24,December,49,A120010,Spare part,Thailand,AA41407670,25068
12-06-24,December,49,A120010,Spare part,Thailand,AA41407671,9793
12-06-24,December,49,A117187,Spare part,Thailand,AA41407672,20379.6
12-06-24,December,49,A108766,Spare part,Thailand,AA41407673,11620
12-06-24,December,49,A144989,Spare part,Malaysia,AA41407674,99074.58
12-10-24,December,50,A142680,Spare part,Thailand,AA41407676,40880
12-11-24,December,50,A136318,Machine,Thailand,AA41305601,85307
12-11-24,December,50,A109374,Spare part,Indonesia,AA41407677,59444.75
12-11-24,December,50,A109374,Spare part,Indonesia,AA41407678,52878.18
12-12-24,December,50,A142731,Spare part,Indonesia,AA41407679,141968.5
12-12-24,December,50,A141759,Service,Thailand,AA41407680,46895
12-12-24,December,50,A141759,Service,Thailand,AA41407681,21500
12-13-24,December,50,A144362,Machine,Philippines,AA41305608,1101148.68
12-13-24,December,50,A146612,Spare part,Indonesia,AA41407682,26074.28
12-13-24,December,50,A151789,Service,Malaysia,AA41407684,10752.28
12-16-24,December,51,A136318,Spare part,Thailand,AA41407687,58244.4
12-16-24,December,51,A151660,Spare part,Australia,AA41407688,37940.19
12-16-24,December,51,A117187,Service,Thailand,AA41407689,46500
12-16-24,December,51,A132013,Spare part,Thailand,AA41408689,15256
12-17-24,December,51,A113414,Spare part,Thailand,AA41407692,10450
12-18-24,December,51,A145273,Spare part,Nigeria,AA41407693,940056.48
12-18-24,December,51,A146573,Spare part,Thailand,AA41407694,100232
12-19-24,December,51,A110039,Spare part,Philippines,AA41407696,59636.75
12-19-24,December,51,A113527,Spare part,Indonesia,AA41407697,29415.17
12-19-24,December,51,A117710,Spare part,Thailand,AA41407698,24130
12-20-24,December,51,A152109,Machine,Indonesia,AA41305618,1459238
12-20-24,December,51,A146375,Spare part,Thailand,AA41407700,136691.2
12-20-24,December,51,A132013,Spare part,Thailand,AA41407702,12277
12-20-24,December,51,A109374,Spare part,Indonesia,AA41407709,31940.03
12-20-24,December,51,A109374,Spare part,Indonesia,AA41407710,69525.01
12-20-24,December,51,A116260,Spare part,Australia,AA41407711,19649.79
12-20-24,December,51,A113527,Spare part,Indonesia,AA41407712,777697.05
12-20-24,December,51,A146573,Service,Thailand,AA41408630,50150
12-20-24,December,51,A100000,Service,Vietnam,AA41408635,400301.62
12-24-24,December,52,A113262,Machine,Thailand,AA41305621,55000
12-24-24,December,52,A132459,Spare part,Thailand,AA41407707,122216.4
12-24-24,December,52,A146571,Spare part,Thailand,AA41407713,6632
